{
  "slab": "Al2O3_001",
  "metal": "Au",
  "n_metal": 40,
  "best_energy": -10423.813269605096,
  "best_energy_per_metal": -260.5953317401274,
  "generations": 10,
  "population_size": 10,
  "total_structures": 100,
  "duration_seconds": 12784.074091,
  "duration_hours": 3.5511316919444447,
  "generation_best": [
    -10406.93656062072,
    -10411.207678784782,
    -10413.873328198844,
    -10417.069739331657,
    -10419.213904370718,
    -10419.822424878532,
    -10420.971350659782,
    -10420.971350659782,
    -10421.014563550407,
    -10423.813269605096
  ],
  "ga_parameters": {
    "population_size": 10,
    "n_iterations": 10,
    "n_candidates_per_gen": 10,
    "mutation_probability": 0.3,
    "crossover_probability": 0.7,
    "fmax_relaxation": 0.05,
    "max_steps_relax": 200,
    "covalent_ratio": 0.7,
    "mutation_weights": [
      1.0,
      1.0,
      0.5
    ],
    "description": "Mirror, Rattle, Permutation mutation weights",
    "n_metal": 40
  },
  "timestamp": "2025-11-26T14:47:38.713547",
  "output_dir": "/DATA/user_scratch/jsh9967/5_uma_MSI/3_GA/runs_M40/Au_Al2O3_001",
  "atom_config": "M40",
  "n_oxide": 0
}