{
  "slab": "SnO2_100",
  "metal": "Ni",
  "n_metal": 40,
  "best_energy": -5796.951236944758,
  "best_energy_per_metal": -144.92378092361895,
  "generations": 10,
  "population_size": 10,
  "total_structures": 100,
  "duration_seconds": 7147.44177,
  "duration_hours": 1.9854004916666668,
  "generation_best": [
    -5734.646127920711,
    -5769.6214363389845,
    -5781.043314200007,
    -5781.043314200007,
    -5791.5721266084565,
    -5792.201530676448,
    -5792.201530676448,
    -5796.5890047365065,
    -5796.951236944758,
    -5796.951236944758
  ],
  "ga_parameters": {
    "population_size": 10,
    "n_iterations": 10,
    "n_candidates_per_gen": 10,
    "mutation_probability": 0.3,
    "crossover_probability": 0.7,
    "fmax_relaxation": 0.05,
    "max_steps_relax": 200,
    "covalent_ratio": 0.7,
    "mutation_weights": [
      1.0,
      1.0,
      0.5
    ],
    "description": "Mirror, Rattle, Permutation mutation weights",
    "n_metal": 40
  },
  "timestamp": "2025-11-27T03:13:40.305157",
  "output_dir": "/DATA/user_scratch/jsh9967/5_uma_MSI/3_GA/runs_M40/Ni_SnO2_100",
  "atom_config": "M40",
  "n_oxide": 0
}