{
  "slab": "Al2O3_001",
  "metal": "Os",
  "n_metal": 40,
  "best_energy": -10680.17006663384,
  "best_energy_per_metal": -267.004251665846,
  "generations": 10,
  "population_size": 10,
  "total_structures": 100,
  "duration_seconds": 12949.952027,
  "duration_hours": 3.5972088963888886,
  "generation_best": [
    -10666.156150618213,
    -10670.08364085259,
    -10672.104026594776,
    -10676.403465071338,
    -10676.403465071338,
    -10676.44167307915,
    -10678.073875227588,
    -10678.09206370415,
    -10680.17006663384,
    -10680.17006663384
  ],
  "ga_parameters": {
    "population_size": 10,
    "n_iterations": 10,
    "n_candidates_per_gen": 10,
    "mutation_probability": 0.3,
    "crossover_probability": 0.7,
    "fmax_relaxation": 0.05,
    "max_steps_relax": 200,
    "covalent_ratio": 0.7,
    "mutation_weights": [
      1.0,
      1.0,
      0.5
    ],
    "description": "Mirror, Rattle, Permutation mutation weights",
    "n_metal": 40
  },
  "timestamp": "2025-11-27T08:44:42.165593",
  "output_dir": "/DATA/user_scratch/jsh9967/5_uma_MSI/3_GA/runs_M40/Os_Al2O3_001",
  "atom_config": "M40",
  "n_oxide": 0
}