{
  "slab": "MgO_100",
  "metal": "Rh",
  "n_metal": 40,
  "best_energy": -5842.952585857047,
  "best_energy_per_metal": -146.07381464642617,
  "generations": 10,
  "population_size": 10,
  "total_structures": 100,
  "duration_seconds": 6342.498643,
  "duration_hours": 1.761805178611111,
  "generation_best": [
    -5839.9601542164155,
    -5839.9601542164155,
    -5839.9601542164155,
    -5839.9601542164155,
    -5840.361643474228,
    -5840.361643474228,
    -5841.285471599239,
    -5841.285471599239,
    -5841.285471599239,
    -5842.952585857047
  ],
  "ga_parameters": {
    "population_size": 10,
    "n_iterations": 10,
    "n_candidates_per_gen": 10,
    "mutation_probability": 0.3,
    "crossover_probability": 0.7,
    "fmax_relaxation": 0.05,
    "max_steps_relax": 200,
    "covalent_ratio": 0.7,
    "mutation_weights": [
      1.0,
      1.0,
      0.5
    ],
    "description": "Mirror, Rattle, Permutation mutation weights",
    "n_metal": 40
  },
  "timestamp": "2025-11-26T23:03:24.476606",
  "output_dir": "/DATA/user_scratch/jsh9967/5_uma_MSI/3_GA/runs_M40/Rh_MgO_100",
  "atom_config": "M40",
  "n_oxide": 0
}