{
  "slab": "SnO2_100",
  "metal": "Ir",
  "n_metal": 40,
  "best_energy": -5854.304308566932,
  "best_energy_per_metal": -146.3576077141733,
  "generations": 10,
  "population_size": 10,
  "total_structures": 100,
  "duration_seconds": 6355.107677,
  "duration_hours": 1.7653076880555556,
  "generation_best": [
    -5825.951204929235,
    -5830.282423648718,
    -5840.327280673864,
    -5840.327280673864,
    -5840.327280673864,
    -5841.51219430912,
    -5847.110327396278,
    -5851.316389713171,
    -5854.089106235389,
    -5854.304308566932
  ],
  "ga_parameters": {
    "population_size": 10,
    "n_iterations": 10,
    "n_candidates_per_gen": 10,
    "mutation_probability": 0.3,
    "crossover_probability": 0.7,
    "fmax_relaxation": 0.05,
    "max_steps_relax": 200,
    "covalent_ratio": 0.7,
    "mutation_weights": [
      1.0,
      1.0,
      0.5
    ],
    "description": "Mirror, Rattle, Permutation mutation weights",
    "n_metal": 40
  },
  "timestamp": "2025-11-27T19:06:24.423275",
  "output_dir": "/DATA/user_scratch/jsh9967/5_uma_MSI/3_GA/runs_M40/Ir_SnO2_100",
  "atom_config": "M40",
  "n_oxide": 0
}