{
  "slab": "CaO_100",
  "metal": "Ir",
  "n_metal": 40,
  "best_energy": -5314.393528742745,
  "best_energy_per_metal": -132.85983821856863,
  "generations": 10,
  "population_size": 10,
  "total_structures": 100,
  "duration_seconds": 4469.691918,
  "duration_hours": 1.2415810883333334,
  "generation_best": [
    -5294.50070647712,
    -5305.0916488599305,
    -5306.504124445869,
    -5309.627171320869,
    -5311.39035491462,
    -5312.703831477119,
    -5312.703831477119,
    -5312.703831477119,
    -5313.623875422431,
    -5314.393528742745
  ],
  "ga_parameters": {
    "population_size": 10,
    "n_iterations": 10,
    "n_candidates_per_gen": 10,
    "mutation_probability": 0.3,
    "crossover_probability": 0.7,
    "fmax_relaxation": 0.05,
    "max_steps_relax": 200,
    "covalent_ratio": 0.7,
    "mutation_weights": [
      1.0,
      1.0,
      0.5
    ],
    "description": "Mirror, Rattle, Permutation mutation weights",
    "n_metal": 40
  },
  "timestamp": "2025-11-27T13:14:45.981123",
  "output_dir": "/DATA/user_scratch/jsh9967/5_uma_MSI/3_GA/runs_M40/Ir_CaO_100",
  "atom_config": "M40",
  "n_oxide": 0
}