{
  "slab": "ZnO_100",
  "metal": "Pd",
  "n_metal": 40,
  "best_energy": -5284.876914536103,
  "best_energy_per_metal": -132.12192286340257,
  "generations": 10,
  "population_size": 10,
  "total_structures": 20,
  "duration_seconds": 2504.667314,
  "duration_hours": 0.6957409205555555,
  "generation_best": [
    -5272.215133225067,
    -5272.215133225067,
    -5272.215133225067,
    -5280.9505763403,
    -5280.9505763403,
    -5280.9505763403,
    -5280.9505763403,
    -5284.876914536103,
    -5284.876914536103,
    -5284.876914536103
  ],
  "ga_parameters": {
    "population_size": 10,
    "n_iterations": 10,
    "n_candidates_per_gen": 10,
    "mutation_probability": 0.3,
    "crossover_probability": 0.7,
    "fmax_relaxation": 0.05,
    "max_steps_relax": 200,
    "covalent_ratio": 0.7,
    "mutation_weights": [
      1.0,
      1.0,
      0.5
    ],
    "description": "Mirror, Rattle, Permutation mutation weights",
    "n_metal": 40
  },
  "timestamp": "2025-11-27T05:36:53.193173",
  "output_dir": "/DATA/user_scratch/jsh9967/5_uma_MSI/3_GA/runs_M40/Pd_ZnO_100",
  "atom_config": "M40",
  "n_oxide": 0
}