{
  "slab": "MgO_100",
  "metal": "Pd",
  "n_metal": 40,
  "best_energy": -5778.497054896273,
  "best_energy_per_metal": -144.4624263724068,
  "generations": 10,
  "population_size": 10,
  "total_structures": 100,
  "duration_seconds": 5462.977886,
  "duration_hours": 1.517493857222222,
  "generation_best": [
    -5773.405746302512,
    -5774.812972865013,
    -5778.169906458762,
    -5778.169906458762,
    -5778.169906458762,
    -5778.467269740013,
    -5778.497054896273,
    -5778.497054896273,
    -5778.497054896273,
    -5778.497054896273
  ],
  "ga_parameters": {
    "population_size": 10,
    "n_iterations": 10,
    "n_candidates_per_gen": 10,
    "mutation_probability": 0.3,
    "crossover_probability": 0.7,
    "fmax_relaxation": 0.05,
    "max_steps_relax": 200,
    "covalent_ratio": 0.7,
    "mutation_weights": [
      1.0,
      1.0,
      0.5
    ],
    "description": "Mirror, Rattle, Permutation mutation weights",
    "n_metal": 40
  },
  "timestamp": "2025-11-26T21:17:48.711658",
  "output_dir": "/DATA/user_scratch/jsh9967/5_uma_MSI/3_GA/runs_M40/Pd_MgO_100",
  "atom_config": "M40",
  "n_oxide": 0
}