{
  "slab": "ZrO2_100",
  "metal": "Ru",
  "n_metal": 40,
  "best_energy": -6596.992789534625,
  "best_energy_per_metal": -164.92481973836564,
  "generations": 10,
  "population_size": 10,
  "total_structures": 11,
  "duration_seconds": 1071.217897,
  "duration_hours": 0.29756052694444446,
  "generation_best": [
    -6596.992789534625,
    -6596.992789534625,
    -6596.992789534625,
    -6596.992789534625,
    -6596.992789534625,
    -6596.992789534625,
    -6596.992789534625,
    -6596.992789534625,
    -6596.992789534625,
    -6596.992789534625
  ],
  "ga_parameters": {
    "population_size": 10,
    "n_iterations": 10,
    "n_candidates_per_gen": 10,
    "mutation_probability": 0.3,
    "crossover_probability": 0.7,
    "fmax_relaxation": 0.05,
    "max_steps_relax": 200,
    "covalent_ratio": 0.7,
    "mutation_weights": [
      1.0,
      1.0,
      0.5
    ],
    "description": "Mirror, Rattle, Permutation mutation weights",
    "n_metal": 40
  },
  "timestamp": "2025-11-27T08:26:42.952125",
  "output_dir": "/DATA/user_scratch/jsh9967/5_uma_MSI/3_GA/runs_M40/Ru_ZrO2_100",
  "atom_config": "M40",
  "n_oxide": 0
}