{
  "slab": "ZrO2_100",
  "metal": "Rh",
  "n_metal": 40,
  "best_energy": -6543.852166211523,
  "best_energy_per_metal": -163.59630415528807,
  "generations": 10,
  "population_size": 10,
  "total_structures": 10,
  "duration_seconds": 1047.782987,
  "duration_hours": 0.29105082972222224,
  "generation_best": [
    -6543.852166211523,
    -6543.852166211523,
    -6543.852166211523,
    -6543.852166211523,
    -6543.852166211523,
    -6543.852166211523,
    -6543.852166211523,
    -6543.852166211523,
    -6543.852166211523,
    -6543.852166211523
  ],
  "ga_parameters": {
    "population_size": 10,
    "n_iterations": 10,
    "n_candidates_per_gen": 10,
    "mutation_probability": 0.3,
    "crossover_probability": 0.7,
    "fmax_relaxation": 0.05,
    "max_steps_relax": 200,
    "covalent_ratio": 0.7,
    "mutation_weights": [
      1.0,
      1.0,
      0.5
    ],
    "description": "Mirror, Rattle, Permutation mutation weights",
    "n_metal": 40
  },
  "timestamp": "2025-11-27T07:02:42.437023",
  "output_dir": "/DATA/user_scratch/jsh9967/5_uma_MSI/3_GA/runs_M40/Rh_ZrO2_100",
  "atom_config": "M40",
  "n_oxide": 0
}