{
  "slab": "TiO2_anatase_001",
  "metal": "Ru",
  "n_metal": 40,
  "best_energy": -8847.279699637482,
  "best_energy_per_metal": -221.18199249093703,
  "generations": 10,
  "population_size": 10,
  "total_structures": 81,
  "duration_seconds": 5777.659225,
  "duration_hours": 1.604905340277778,
  "generation_best": [
    -8835.736486746857,
    -8844.645544364044,
    -8845.502600028107,
    -8845.502600028107,
    -8846.148962332794,
    -8846.148962332794,
    -8846.148962332794,
    -8847.157751395294,
    -8847.279699637482,
    -8847.279699637482
  ],
  "ga_parameters": {
    "population_size": 10,
    "n_iterations": 10,
    "n_candidates_per_gen": 10,
    "mutation_probability": 0.3,
    "crossover_probability": 0.7,
    "fmax_relaxation": 0.05,
    "max_steps_relax": 200,
    "covalent_ratio": 0.7,
    "mutation_weights": [
      1.0,
      1.0,
      0.5
    ],
    "description": "Mirror, Rattle, Permutation mutation weights",
    "n_metal": 40
  },
  "timestamp": "2025-11-27T04:50:42.207866",
  "output_dir": "/DATA/user_scratch/jsh9967/5_uma_MSI/3_GA/runs_M40/Ru_TiO2_anatase_001",
  "atom_config": "M40",
  "n_oxide": 0
}