{
  "slab": "SiO2_101",
  "metal": "Pt",
  "n_metal": 40,
  "best_energy": -7307.085567769828,
  "best_energy_per_metal": -182.6771391942457,
  "generations": 10,
  "population_size": 10,
  "total_structures": 100,
  "duration_seconds": 6720.062194,
  "duration_hours": 1.8666839427777777,
  "generation_best": [
    -7269.851375875297,
    -7281.835933980766,
    -7295.417599019828,
    -7295.417599019828,
    -7295.6205409143595,
    -7303.475399312797,
    -7303.8500331018595,
    -7306.053524312797,
    -7307.085567769828,
    -7307.085567769828
  ],
  "ga_parameters": {
    "population_size": 10,
    "n_iterations": 10,
    "n_candidates_per_gen": 10,
    "mutation_probability": 0.3,
    "crossover_probability": 0.7,
    "fmax_relaxation": 0.05,
    "max_steps_relax": 200,
    "covalent_ratio": 0.7,
    "mutation_weights": [
      1.0,
      1.0,
      0.5
    ],
    "description": "Mirror, Rattle, Permutation mutation weights",
    "n_metal": 40
  },
  "timestamp": "2025-11-26T20:23:40.756675",
  "output_dir": "/DATA/user_scratch/jsh9967/5_uma_MSI/3_GA/runs_M40/Pt_SiO2_101",
  "atom_config": "M40",
  "n_oxide": 0
}