{
  "slab": "Al2O3_001",
  "metal": "Ru",
  "n_metal": 40,
  "best_energy": -10613.199098794128,
  "best_energy_per_metal": -265.3299774698532,
  "generations": 10,
  "population_size": 10,
  "total_structures": 100,
  "duration_seconds": 12131.286461,
  "duration_hours": 3.369801794722222,
  "generation_best": [
    -10601.16650602069,
    -10606.192873208192,
    -10610.377809731628,
    -10610.589357583192,
    -10613.199098794128,
    -10613.199098794128,
    -10613.199098794128,
    -10613.199098794128,
    -10613.199098794128,
    -10613.199098794128
  ],
  "ga_parameters": {
    "population_size": 10,
    "n_iterations": 10,
    "n_candidates_per_gen": 10,
    "mutation_probability": 0.3,
    "crossover_probability": 0.7,
    "fmax_relaxation": 0.05,
    "max_steps_relax": 200,
    "covalent_ratio": 0.7,
    "mutation_weights": [
      1.0,
      1.0,
      0.5
    ],
    "description": "Mirror, Rattle, Permutation mutation weights",
    "n_metal": 40
  },
  "timestamp": "2025-11-26T18:45:21.994067",
  "output_dir": "/DATA/user_scratch/jsh9967/5_uma_MSI/3_GA/runs_M40/Ru_Al2O3_001",
  "atom_config": "M40",
  "n_oxide": 0
}