{
  "slab": "MgO_100",
  "metal": "Pt",
  "n_metal": 40,
  "best_energy": -5806.131963292871,
  "best_energy_per_metal": -145.15329908232178,
  "generations": 10,
  "population_size": 10,
  "total_structures": 100,
  "duration_seconds": 5956.234202,
  "duration_hours": 1.6545095005555555,
  "generation_best": [
    -5790.566533605371,
    -5795.151738683496,
    -5797.314702550683,
    -5800.171025792871,
    -5802.622319738183,
    -5803.026372472558,
    -5803.515996495996,
    -5804.036504308496,
    -5806.131963292871,
    -5806.131963292871
  ],
  "ga_parameters": {
    "population_size": 10,
    "n_iterations": 10,
    "n_candidates_per_gen": 10,
    "mutation_probability": 0.3,
    "crossover_probability": 0.7,
    "fmax_relaxation": 0.05,
    "max_steps_relax": 200,
    "covalent_ratio": 0.7,
    "mutation_weights": [
      1.0,
      1.0,
      0.5
    ],
    "description": "Mirror, Rattle, Permutation mutation weights",
    "n_metal": 40
  },
  "timestamp": "2025-11-26T18:44:17.556279",
  "output_dir": "/DATA/user_scratch/jsh9967/5_uma_MSI/3_GA/runs_M40/Pt_MgO_100",
  "atom_config": "M40",
  "n_oxide": 0
}