{
  "slab": "TiO2_rutile_100",
  "metal": "Ir",
  "n_metal": 40,
  "best_energy": -9123.875302072847,
  "best_energy_per_metal": -228.09688255182118,
  "generations": 10,
  "population_size": 10,
  "total_structures": 95,
  "duration_seconds": 6483.931025,
  "duration_hours": 1.8010919513888888,
  "generation_best": [
    -9097.007870432222,
    -9106.999813791597,
    -9112.551571604097,
    -9117.411556955662,
    -9118.78460383066,
    -9121.947811838474,
    -9121.967343088472,
    -9122.321957346285,
    -9122.716488596285,
    -9123.875302072847
  ],
  "ga_parameters": {
    "population_size": 10,
    "n_iterations": 10,
    "n_candidates_per_gen": 10,
    "mutation_probability": 0.3,
    "crossover_probability": 0.7,
    "fmax_relaxation": 0.05,
    "max_steps_relax": 200,
    "covalent_ratio": 0.7,
    "mutation_weights": [
      1.0,
      1.0,
      0.5
    ],
    "description": "Mirror, Rattle, Permutation mutation weights",
    "n_metal": 40
  },
  "timestamp": "2025-11-27T22:36:03.366663",
  "output_dir": "/DATA/user_scratch/jsh9967/5_uma_MSI/3_GA/runs_M40/Ir_TiO2_rutile_100",
  "atom_config": "M40",
  "n_oxide": 0
}