{
  "slab": "ZnO_100",
  "metal": "Rh",
  "n_metal": 40,
  "best_energy": -5337.925157899243,
  "best_energy_per_metal": -133.44812894748105,
  "generations": 10,
  "population_size": 10,
  "total_structures": 10,
  "duration_seconds": 1647.950428,
  "duration_hours": 0.4577640077777778,
  "generation_best": [
    -5337.925157899243,
    -5337.925157899243,
    -5337.925157899243,
    -5337.925157899243,
    -5337.925157899243,
    -5337.925157899243,
    -5337.925157899243,
    -5337.925157899243,
    -5337.925157899243,
    -5337.925157899243
  ],
  "ga_parameters": {
    "population_size": 10,
    "n_iterations": 10,
    "n_candidates_per_gen": 10,
    "mutation_probability": 0.3,
    "crossover_probability": 0.7,
    "fmax_relaxation": 0.05,
    "max_steps_relax": 200,
    "covalent_ratio": 0.7,
    "mutation_weights": [
      1.0,
      1.0,
      0.5
    ],
    "description": "Mirror, Rattle, Permutation mutation weights",
    "n_metal": 40
  },
  "timestamp": "2025-11-27T06:35:07.514283",
  "output_dir": "/DATA/user_scratch/jsh9967/5_uma_MSI/3_GA/runs_M40/Rh_ZnO_100",
  "atom_config": "M40",
  "n_oxide": 0
}