{
  "slab": "TiO2_rutile_100",
  "metal": "Pt",
  "n_metal": 40,
  "best_energy": -9034.410211485318,
  "best_energy_per_metal": -225.86025528713293,
  "generations": 10,
  "population_size": 10,
  "total_structures": 100,
  "duration_seconds": 7354.989521,
  "duration_hours": 2.043052644722222,
  "generation_best": [
    -9016.830011290007,
    -9022.447931211882,
    -9026.81402007907,
    -9028.413019102505,
    -9032.674005430632,
    -9032.674005430632,
    -9032.674005430632,
    -9032.674005430632,
    -9033.832818907194,
    -9034.410211485318
  ],
  "ga_parameters": {
    "population_size": 10,
    "n_iterations": 10,
    "n_candidates_per_gen": 10,
    "mutation_probability": 0.3,
    "crossover_probability": 0.7,
    "fmax_relaxation": 0.05,
    "max_steps_relax": 200,
    "covalent_ratio": 0.7,
    "mutation_weights": [
      1.0,
      1.0,
      0.5
    ],
    "description": "Mirror, Rattle, Permutation mutation weights",
    "n_metal": 40
  },
  "timestamp": "2025-11-27T01:41:37.530654",
  "output_dir": "/DATA/user_scratch/jsh9967/5_uma_MSI/3_GA/runs_M40/Pt_TiO2_rutile_100",
  "atom_config": "M40",
  "n_oxide": 0
}