{
  "slab": "ZrO2_100",
  "metal": "Ni",
  "n_metal": 40,
  "best_energy": -6445.751064596355,
  "best_energy_per_metal": -161.14377661490886,
  "generations": 10,
  "population_size": 10,
  "total_structures": 98,
  "duration_seconds": 4382.751227,
  "duration_hours": 1.217430896388889,
  "generation_best": [
    -6411.511623678386,
    -6419.96371108073,
    -6428.920925436199,
    -6434.692165670574,
    -6440.839321432292,
    -6440.839321432292,
    -6440.839321432292,
    -6440.839321432292,
    -6440.839321432292,
    -6445.751064596355
  ],
  "ga_parameters": {
    "population_size": 10,
    "n_iterations": 10,
    "n_candidates_per_gen": 10,
    "mutation_probability": 0.3,
    "crossover_probability": 0.7,
    "fmax_relaxation": 0.05,
    "max_steps_relax": 200,
    "covalent_ratio": 0.7,
    "mutation_weights": [
      1.0,
      1.0,
      0.5
    ],
    "description": "Mirror, Rattle, Permutation mutation weights",
    "n_metal": 40
  },
  "timestamp": "2025-11-27T10:16:48.002507",
  "output_dir": "/DATA/user_scratch/jsh9967/5_uma_MSI/3_GA/runs_M40/Ni_ZrO2_100",
  "atom_config": "M40",
  "n_oxide": 0
}