{
  "slab": "Al2O3_001",
  "metal": "Ir",
  "n_metal": 40,
  "best_energy": -10632.98230140454,
  "best_energy_per_metal": -265.8245575351135,
  "generations": 10,
  "population_size": 10,
  "total_structures": 100,
  "duration_seconds": 14145.063807,
  "duration_hours": 3.9291843908333335,
  "generation_best": [
    -10599.561891248304,
    -10618.272950818611,
    -10629.789064099858,
    -10629.789064099858,
    -10629.789064099858,
    -10630.96862952954,
    -10630.96862952954,
    -10631.834108045168,
    -10631.834108045168,
    -10632.98230140454
  ],
  "ga_parameters": {
    "population_size": 10,
    "n_iterations": 10,
    "n_candidates_per_gen": 10,
    "mutation_probability": 0.3,
    "crossover_probability": 0.7,
    "fmax_relaxation": 0.05,
    "max_steps_relax": 200,
    "covalent_ratio": 0.7,
    "mutation_weights": [
      1.0,
      1.0,
      0.5
    ],
    "description": "Mirror, Rattle, Permutation mutation weights",
    "n_metal": 40
  },
  "timestamp": "2025-11-27T09:18:54.178507",
  "output_dir": "/DATA/user_scratch/jsh9967/5_uma_MSI/3_GA/runs_M40/Ir_Al2O3_001",
  "atom_config": "M40",
  "n_oxide": 0
}