{
  "slab": "Al2O3_001",
  "metal": "Rh",
  "n_metal": 40,
  "best_energy": -10575.161319709307,
  "best_energy_per_metal": -264.3790329927327,
  "generations": 10,
  "population_size": 10,
  "total_structures": 100,
  "duration_seconds": 13950.438743,
  "duration_hours": 3.875121873055556,
  "generation_best": [
    -10562.974063849935,
    -10566.125797248382,
    -10569.94220349837,
    -10571.594791389007,
    -10571.594791389007,
    -10573.066226935867,
    -10573.660099006194,
    -10575.161319709307,
    -10575.161319709307,
    -10575.161319709307
  ],
  "ga_parameters": {
    "population_size": 10,
    "n_iterations": 10,
    "n_candidates_per_gen": 10,
    "mutation_probability": 0.3,
    "crossover_probability": 0.7,
    "fmax_relaxation": 0.05,
    "max_steps_relax": 200,
    "covalent_ratio": 0.7,
    "mutation_weights": [
      1.0,
      1.0,
      0.5
    ],
    "description": "Mirror, Rattle, Permutation mutation weights",
    "n_metal": 40
  },
  "timestamp": "2025-11-26T17:08:00.175602",
  "output_dir": "/DATA/user_scratch/jsh9967/5_uma_MSI/3_GA/runs_M40/Rh_Al2O3_001",
  "atom_config": "M40",
  "n_oxide": 0
}