{
  "slab": "CaO_100",
  "metal": "Pd",
  "n_metal": 40,
  "best_energy": -5199.119457492985,
  "best_energy_per_metal": -129.97798643732463,
  "generations": 10,
  "population_size": 10,
  "total_structures": 100,
  "duration_seconds": 4242.413382,
  "duration_hours": 1.1784481616666667,
  "generation_best": [
    -5187.25642038361,
    -5195.805980930487,
    -5196.654125461737,
    -5196.767406711737,
    -5198.375316867987,
    -5198.608593235174,
    -5198.6933100320475,
    -5198.6933100320475,
    -5199.119457492985,
    -5199.119457492985
  ],
  "ga_parameters": {
    "population_size": 10,
    "n_iterations": 10,
    "n_candidates_per_gen": 10,
    "mutation_probability": 0.3,
    "crossover_probability": 0.7,
    "fmax_relaxation": 0.05,
    "max_steps_relax": 200,
    "covalent_ratio": 0.7,
    "mutation_weights": [
      1.0,
      1.0,
      0.5
    ],
    "description": "Mirror, Rattle, Permutation mutation weights",
    "n_metal": 40
  },
  "timestamp": "2025-11-26T19:08:23.488199",
  "output_dir": "/DATA/user_scratch/jsh9967/5_uma_MSI/3_GA/runs_M40/Pd_CaO_100",
  "atom_config": "M40",
  "n_oxide": 0
}