{
  "slab": "TiO2_anatase_001",
  "metal": "Rh",
  "n_metal": 40,
  "best_energy": -8779.696388326098,
  "best_energy_per_metal": -219.49240970815245,
  "generations": 10,
  "population_size": 10,
  "total_structures": 40,
  "duration_seconds": 3259.593979,
  "duration_hours": 0.9054427719444446,
  "generation_best": [
    -8770.67942055266,
    -8777.60373695891,
    -8777.60373695891,
    -8777.60373695891,
    -8777.60373695891,
    -8777.60373695891,
    -8777.60373695891,
    -8779.31809242766,
    -8779.31809242766,
    -8779.696388326098
  ],
  "ga_parameters": {
    "population_size": 10,
    "n_iterations": 10,
    "n_candidates_per_gen": 10,
    "mutation_probability": 0.3,
    "crossover_probability": 0.7,
    "fmax_relaxation": 0.05,
    "max_steps_relax": 200,
    "covalent_ratio": 0.7,
    "mutation_weights": [
      1.0,
      1.0,
      0.5
    ],
    "description": "Mirror, Rattle, Permutation mutation weights",
    "n_metal": 40
  },
  "timestamp": "2025-11-27T03:52:28.829433",
  "output_dir": "/DATA/user_scratch/jsh9967/5_uma_MSI/3_GA/runs_M40/Rh_TiO2_anatase_001",
  "atom_config": "M40",
  "n_oxide": 0
}