{
  "slab": "ZrO2_100",
  "metal": "Pt",
  "n_metal": 40,
  "best_energy": -6532.674060737204,
  "best_energy_per_metal": -163.3168515184301,
  "generations": 10,
  "population_size": 10,
  "total_structures": 13,
  "duration_seconds": 1228.571688,
  "duration_hours": 0.34126991333333334,
  "generation_best": [
    -6512.404346381735,
    -6512.404346381735,
    -6512.404346381735,
    -6512.404346381735,
    -6527.361377631735,
    -6527.361377631735,
    -6527.361377631735,
    -6532.674060737204,
    -6532.674060737204,
    -6532.674060737204
  ],
  "ga_parameters": {
    "population_size": 10,
    "n_iterations": 10,
    "n_candidates_per_gen": 10,
    "mutation_probability": 0.3,
    "crossover_probability": 0.7,
    "fmax_relaxation": 0.05,
    "max_steps_relax": 200,
    "covalent_ratio": 0.7,
    "mutation_weights": [
      1.0,
      1.0,
      0.5
    ],
    "description": "Mirror, Rattle, Permutation mutation weights",
    "n_metal": 40
  },
  "timestamp": "2025-11-27T04:38:21.863800",
  "output_dir": "/DATA/user_scratch/jsh9967/5_uma_MSI/3_GA/runs_M40/Pt_ZrO2_100",
  "atom_config": "M40",
  "n_oxide": 0
}