{
  "slab": "SnO2_100",
  "metal": "Os",
  "n_metal": 40,
  "best_energy": -5939.551645777652,
  "best_energy_per_metal": -148.4887911444413,
  "generations": 10,
  "population_size": 10,
  "total_structures": 85,
  "duration_seconds": 5805.36056,
  "duration_hours": 1.6126001555555556,
  "generation_best": [
    -5908.905133030841,
    -5912.407356999347,
    -5921.134239933917,
    -5921.134239933917,
    -5928.108532689044,
    -5935.73163392348,
    -5936.071862242648,
    -5939.273411772678,
    -5939.503097556064,
    -5939.551645777652
  ],
  "ga_parameters": {
    "population_size": 10,
    "n_iterations": 10,
    "n_candidates_per_gen": 10,
    "mutation_probability": 0.3,
    "crossover_probability": 0.7,
    "fmax_relaxation": 0.05,
    "max_steps_relax": 200,
    "covalent_ratio": 0.7,
    "mutation_weights": [
      1.0,
      1.0,
      0.5
    ],
    "description": "Mirror, Rattle, Permutation mutation weights",
    "n_metal": 40
  },
  "timestamp": "2025-11-27T18:01:03.252985",
  "output_dir": "/DATA/user_scratch/jsh9967/5_uma_MSI/3_GA/runs_M40/Os_SnO2_100",
  "atom_config": "M40",
  "n_oxide": 0
}