{
  "slab": "MgO_100",
  "metal": "Os",
  "n_metal": 40,
  "best_energy": -5974.377714617497,
  "best_energy_per_metal": -149.35944286543742,
  "generations": 10,
  "population_size": 10,
  "total_structures": 100,
  "duration_seconds": 5540.393797,
  "duration_hours": 1.5389982769444444,
  "generation_best": [
    -5953.05557106281,
    -5965.17227028156,
    -5968.507963640935,
    -5968.507963640935,
    -5973.532988054997,
    -5974.326200945622,
    -5974.326200945622,
    -5974.326200945622,
    -5974.326200945622,
    -5974.377714617497
  ],
  "ga_parameters": {
    "population_size": 10,
    "n_iterations": 10,
    "n_candidates_per_gen": 10,
    "mutation_probability": 0.3,
    "crossover_probability": 0.7,
    "fmax_relaxation": 0.05,
    "max_steps_relax": 200,
    "covalent_ratio": 0.7,
    "mutation_weights": [
      1.0,
      1.0,
      0.5
    ],
    "description": "Mirror, Rattle, Permutation mutation weights",
    "n_metal": 40
  },
  "timestamp": "2025-11-27T14:39:19.324737",
  "output_dir": "/DATA/user_scratch/jsh9967/5_uma_MSI/3_GA/runs_M40/Os_MgO_100",
  "atom_config": "M40",
  "n_oxide": 0
}