{
  "slab": "SiO2_101",
  "metal": "Pd",
  "n_metal": 40,
  "best_energy": -7272.808447459175,
  "best_energy_per_metal": -181.82021118647938,
  "generations": 10,
  "population_size": 10,
  "total_structures": 100,
  "duration_seconds": 6544.365938,
  "duration_hours": 1.8178794272222223,
  "generation_best": [
    -7247.317785838081,
    -7258.514013865425,
    -7258.514013865425,
    -7258.514013865425,
    -7262.578466990425,
    -7268.129736521675,
    -7270.277075388863,
    -7271.92246113105,
    -7271.92246113105,
    -7272.808447459175
  ],
  "ga_parameters": {
    "population_size": 10,
    "n_iterations": 10,
    "n_candidates_per_gen": 10,
    "mutation_probability": 0.3,
    "crossover_probability": 0.7,
    "fmax_relaxation": 0.05,
    "max_steps_relax": 200,
    "covalent_ratio": 0.7,
    "mutation_weights": [
      1.0,
      1.0,
      0.5
    ],
    "description": "Mirror, Rattle, Permutation mutation weights",
    "n_metal": 40
  },
  "timestamp": "2025-11-26T22:48:58.567358",
  "output_dir": "/DATA/user_scratch/jsh9967/5_uma_MSI/3_GA/runs_M40/Pd_SiO2_101",
  "atom_config": "M40",
  "n_oxide": 0
}