{
  "slab": "SnO2_100",
  "metal": "Pd",
  "n_metal": 40,
  "best_energy": -5740.267011761773,
  "best_energy_per_metal": -143.50667529404433,
  "generations": 10,
  "population_size": 10,
  "total_structures": 100,
  "duration_seconds": 5442.988184,
  "duration_hours": 1.511941162222222,
  "generation_best": [
    -5725.778448224175,
    -5731.821901440728,
    -5735.946039319146,
    -5736.481268048394,
    -5737.999624371636,
    -5739.941709637749,
    -5739.941709637749,
    -5739.941709637749,
    -5739.941709637749,
    -5740.267011761773
  ],
  "ga_parameters": {
    "population_size": 10,
    "n_iterations": 10,
    "n_candidates_per_gen": 10,
    "mutation_probability": 0.3,
    "crossover_probability": 0.7,
    "fmax_relaxation": 0.05,
    "max_steps_relax": 200,
    "covalent_ratio": 0.7,
    "mutation_weights": [
      1.0,
      1.0,
      0.5
    ],
    "description": "Mirror, Rattle, Permutation mutation weights",
    "n_metal": 40
  },
  "timestamp": "2025-11-27T00:38:09.865826",
  "output_dir": "/DATA/user_scratch/jsh9967/5_uma_MSI/3_GA/runs_M40/Pd_SnO2_100",
  "atom_config": "M40",
  "n_oxide": 0
}