{
  "slab": "SnO2_100",
  "metal": "Ru",
  "n_metal": 40,
  "best_energy": -5873.196580123387,
  "best_energy_per_metal": -146.8299145030847,
  "generations": 10,
  "population_size": 10,
  "total_structures": 79,
  "duration_seconds": 4655.759553,
  "duration_hours": 1.2932665425,
  "generation_best": [
    -5856.9906646723375,
    -5862.096707534274,
    -5865.0197536463365,
    -5872.320901107274,
    -5872.320901107274,
    -5873.192162703954,
    -5873.196580123387,
    -5873.196580123387,
    -5873.196580123387,
    -5873.196580123387
  ],
  "ga_parameters": {
    "population_size": 10,
    "n_iterations": 10,
    "n_candidates_per_gen": 10,
    "mutation_probability": 0.3,
    "crossover_probability": 0.7,
    "fmax_relaxation": 0.05,
    "max_steps_relax": 200,
    "covalent_ratio": 0.7,
    "mutation_weights": [
      1.0,
      1.0,
      0.5
    ],
    "description": "Mirror, Rattle, Permutation mutation weights",
    "n_metal": 40
  },
  "timestamp": "2025-11-27T03:32:59.358235",
  "output_dir": "/DATA/user_scratch/jsh9967/5_uma_MSI/3_GA/runs_M40/Ru_SnO2_100",
  "atom_config": "M40",
  "n_oxide": 0
}