{
  "slab": "ZrO2_100",
  "metal": "Pd",
  "n_metal": 40,
  "best_energy": -6488.872160153113,
  "best_energy_per_metal": -162.22180400382783,
  "generations": 10,
  "population_size": 10,
  "total_structures": 10,
  "duration_seconds": 1061.296538,
  "duration_hours": 0.2948045938888889,
  "generation_best": [
    -6488.872160153113,
    -6488.872160153113,
    -6488.872160153113,
    -6488.872160153113,
    -6488.872160153113,
    -6488.872160153113,
    -6488.872160153113,
    -6488.872160153113,
    -6488.872160153113,
    -6488.872160153113
  ],
  "ga_parameters": {
    "population_size": 10,
    "n_iterations": 10,
    "n_candidates_per_gen": 10,
    "mutation_probability": 0.3,
    "crossover_probability": 0.7,
    "fmax_relaxation": 0.05,
    "max_steps_relax": 200,
    "covalent_ratio": 0.7,
    "mutation_weights": [
      1.0,
      1.0,
      0.5
    ],
    "description": "Mirror, Rattle, Permutation mutation weights",
    "n_metal": 40
  },
  "timestamp": "2025-11-27T06:18:44.688896",
  "output_dir": "/DATA/user_scratch/jsh9967/5_uma_MSI/3_GA/runs_M40/Pd_ZrO2_100",
  "atom_config": "M40",
  "n_oxide": 0
}