{
  "slab": "CeO2_111",
  "metal": "Rh",
  "n_metal": 40,
  "best_energy": -6532.165951948138,
  "best_energy_per_metal": -163.30414879870347,
  "generations": 10,
  "population_size": 10,
  "total_structures": 99,
  "duration_seconds": 3091.827049,
  "duration_hours": 0.8588408469444444,
  "generation_best": [
    -6522.818783979388,
    -6527.065121870013,
    -6528.775326948138,
    -6530.663388471576,
    -6530.663388471576,
    -6532.165951948138,
    -6532.165951948138,
    -6532.165951948138,
    -6532.165951948138,
    -6532.165951948138
  ],
  "ga_parameters": {
    "population_size": 10,
    "n_iterations": 10,
    "n_candidates_per_gen": 10,
    "mutation_probability": 0.3,
    "crossover_probability": 0.7,
    "fmax_relaxation": 0.05,
    "max_steps_relax": 200,
    "covalent_ratio": 0.7,
    "mutation_weights": [
      1.0,
      1.0,
      0.5
    ],
    "description": "Mirror, Rattle, Permutation mutation weights",
    "n_metal": 40
  },
  "timestamp": "2025-11-26T22:11:45.864068",
  "output_dir": "/DATA/user_scratch/jsh9967/5_uma_MSI/3_GA/runs_M40/Rh_CeO2_111",
  "atom_config": "M40",
  "n_oxide": 0
}