{
  "slab": "ZrO2_100",
  "metal": "Au",
  "n_metal": 40,
  "best_energy": -6415.659328509652,
  "best_energy_per_metal": -160.39148321274132,
  "generations": 10,
  "population_size": 10,
  "total_structures": 29,
  "duration_seconds": 1775.45671,
  "duration_hours": 0.4931824194444444,
  "generation_best": [
    -6401.824550677621,
    -6410.13821034559,
    -6414.438869525277,
    -6414.438869525277,
    -6414.438869525277,
    -6414.438869525277,
    -6415.659328509652,
    -6415.659328509652,
    -6415.659328509652,
    -6415.659328509652
  ],
  "ga_parameters": {
    "population_size": 10,
    "n_iterations": 10,
    "n_candidates_per_gen": 10,
    "mutation_probability": 0.3,
    "crossover_probability": 0.7,
    "fmax_relaxation": 0.05,
    "max_steps_relax": 200,
    "covalent_ratio": 0.7,
    "mutation_weights": [
      1.0,
      1.0,
      0.5
    ],
    "description": "Mirror, Rattle, Permutation mutation weights",
    "n_metal": 40
  },
  "timestamp": "2025-11-27T08:49:11.295259",
  "output_dir": "/DATA/user_scratch/jsh9967/5_uma_MSI/3_GA/runs_M40/Au_ZrO2_100",
  "atom_config": "M40",
  "n_oxide": 0
}