{
  "slab": "SnO2_100",
  "metal": "Rh",
  "n_metal": 40,
  "best_energy": -5805.891056974233,
  "best_energy_per_metal": -145.14727642435582,
  "generations": 10,
  "population_size": 10,
  "total_structures": 75,
  "duration_seconds": 4403.116446,
  "duration_hours": 1.2230879016666667,
  "generation_best": [
    -5795.364327390493,
    -5799.1599359110005,
    -5799.1599359110005,
    -5800.898255307975,
    -5800.898255307975,
    -5801.838501890004,
    -5803.19028182775,
    -5805.891056974233,
    -5805.891056974233,
    -5805.891056974233
  ],
  "ga_parameters": {
    "population_size": 10,
    "n_iterations": 10,
    "n_candidates_per_gen": 10,
    "mutation_probability": 0.3,
    "crossover_probability": 0.7,
    "fmax_relaxation": 0.05,
    "max_steps_relax": 200,
    "covalent_ratio": 0.7,
    "mutation_weights": [
      1.0,
      1.0,
      0.5
    ],
    "description": "Mirror, Rattle, Permutation mutation weights",
    "n_metal": 40
  },
  "timestamp": "2025-11-27T02:38:58.755525",
  "output_dir": "/DATA/user_scratch/jsh9967/5_uma_MSI/3_GA/runs_M40/Rh_SnO2_100",
  "atom_config": "M40",
  "n_oxide": 0
}