{
  "slab": "SiO2_101",
  "metal": "Au",
  "n_metal": 40,
  "best_energy": -7201.10300106962,
  "best_energy_per_metal": -180.02757502674052,
  "generations": 10,
  "population_size": 10,
  "total_structures": 100,
  "duration_seconds": 6509.661755,
  "duration_hours": 1.8082393763888889,
  "generation_best": [
    -7195.908237886027,
    -7196.867527436808,
    -7196.96872372587,
    -7201.10300106962,
    -7201.10300106962,
    -7201.10300106962,
    -7201.10300106962,
    -7201.10300106962,
    -7201.10300106962,
    -7201.10300106962
  ],
  "ga_parameters": {
    "population_size": 10,
    "n_iterations": 10,
    "n_candidates_per_gen": 10,
    "mutation_probability": 0.3,
    "crossover_probability": 0.7,
    "fmax_relaxation": 0.05,
    "max_steps_relax": 200,
    "covalent_ratio": 0.7,
    "mutation_weights": [
      1.0,
      1.0,
      0.5
    ],
    "description": "Mirror, Rattle, Permutation mutation weights",
    "n_metal": 40
  },
  "timestamp": "2025-11-26T22:24:07.598800",
  "output_dir": "/DATA/user_scratch/jsh9967/5_uma_MSI/3_GA/runs_M40/Au_SiO2_101",
  "atom_config": "M40",
  "n_oxide": 0
}