{
  "slab": "ZnO_100",
  "metal": "Au",
  "n_metal": 40,
  "best_energy": -5221.185254462456,
  "best_energy_per_metal": -130.5296313615614,
  "generations": 10,
  "population_size": 10,
  "total_structures": 99,
  "duration_seconds": 9412.160089,
  "duration_hours": 2.6144889136111114,
  "generation_best": [
    -5199.572087653366,
    -5206.172864325729,
    -5206.172864325729,
    -5206.4423879463375,
    -5206.555272467819,
    -5206.555272467819,
    -5208.970059760301,
    -5208.970059760301,
    -5215.692380316942,
    -5221.185254462456
  ],
  "ga_parameters": {
    "population_size": 10,
    "n_iterations": 10,
    "n_candidates_per_gen": 10,
    "mutation_probability": 0.3,
    "crossover_probability": 0.7,
    "fmax_relaxation": 0.05,
    "max_steps_relax": 200,
    "covalent_ratio": 0.7,
    "mutation_weights": [
      1.0,
      1.0,
      0.5
    ],
    "description": "Mirror, Rattle, Permutation mutation weights",
    "n_metal": 40
  },
  "timestamp": "2025-11-27T06:12:12.402047",
  "output_dir": "/DATA/user_scratch/jsh9967/5_uma_MSI/3_GA/runs_M40/Au_ZnO_100",
  "atom_config": "M40",
  "n_oxide": 0
}