{
  "slab": "ZnO_100",
  "metal": "Pt",
  "n_metal": 40,
  "best_energy": -5308.101376765707,
  "best_energy_per_metal": -132.70253441914267,
  "generations": 10,
  "population_size": 10,
  "total_structures": 28,
  "duration_seconds": 3235.912066,
  "duration_hours": 0.8988644627777778,
  "generation_best": [
    -5300.82275127743,
    -5300.82275127743,
    -5308.101376765707,
    -5308.101376765707,
    -5308.101376765707,
    -5308.101376765707,
    -5308.101376765707,
    -5308.101376765707,
    -5308.101376765707,
    -5308.101376765707
  ],
  "ga_parameters": {
    "population_size": 10,
    "n_iterations": 10,
    "n_candidates_per_gen": 10,
    "mutation_probability": 0.3,
    "crossover_probability": 0.7,
    "fmax_relaxation": 0.05,
    "max_steps_relax": 200,
    "covalent_ratio": 0.7,
    "mutation_weights": [
      1.0,
      1.0,
      0.5
    ],
    "description": "Mirror, Rattle, Permutation mutation weights",
    "n_metal": 40
  },
  "timestamp": "2025-11-27T03:44:19.350373",
  "output_dir": "/DATA/user_scratch/jsh9967/5_uma_MSI/3_GA/runs_M40/Pt_ZnO_100",
  "atom_config": "M40",
  "n_oxide": 0
}